Timestamp,Milliseconds,X,Y,Z
2021-09-07 19:59:55,2,-1.0450653,6.322436,5.066802
2021-09-07 19:59:55,12,-0.8772686,6.2147584,7.0764737
2021-09-07 19:59:55,21,-0.57547385,5.991927,9.017053
2021-09-07 19:59:55,31,-0.8461619,6.020641,9.493823
2021-09-07 19:59:55,41,-0.4746762,6.166603,8.796615
2021-09-07 19:59:55,52,-0.11306087,6.1713886,7.838289
2021-09-07 19:59:55,61,-0.050847482,6.221937,7.2490563
2021-09-07 19:59:55,71,-0.50817573,6.3009005,6.678966
2021-09-07 19:59:55,81,-0.6831509,6.248258,6.774679
2021-09-07 19:59:55,91,-0.8150552,6.236294,7.0788665
2021-09-07 19:59:55,102,-0.98973125,6.238687,8.142476
2021-09-07 19:59:55,111,-0.9705887,6.257829,8.858828
2021-09-07 19:59:55,122,-0.85812604,6.2793646,9.41456
2021-09-07 19:59:55,131,-0.3167499,6.221937,8.777472
2021-09-07 19:59:55,141,0.21505493,5.97757,8.413164
2021-09-07 19:59:55,152,0.18634106,5.9440703,8.130512
2021-09-07 19:59:55,161,0.11934203,5.721239,7.2897344
2021-09-07 19:59:55,171,0.48095736,6.128318,6.233303
2021-09-07 19:59:55,181,0.17916259,6.233901,5.9027944
2021-09-07 19:59:55,192,-0.47228336,6.2721863,5.857331
2021-09-07 19:59:55,201,-1.5574285,6.612266,6.669395
2021-09-07 19:59:55,211,-1.2699906,6.859026,7.2490563
2021-09-07 19:59:55,221,-0.721436,6.6361947,8.101798
2021-09-07 19:59:55,232,0.37806597,6.1067824,8.355737
2021-09-07 19:59:55,241,0.6583253,5.788238,8.334201
2021-09-07 19:59:55,252,0.7109674,5.6132627,7.943872
2021-09-07 19:59:55,261,0.5769694,5.85763,7.474281
2021-09-07 19:59:55,272,0.1265205,6.1474605,7.263413
2021-09-07 19:59:55,282,-0.232702,6.3942204,7.3642106
2021-09-07 19:59:55,291,-0.38614175,6.422934,7.170093
2021-09-07 19:59:55,301,-0.19920248,6.3367925,6.997511
2021-09-07 19:59:56,311,-0.16570297,6.0804615,7.1007013
2021-09-07 19:59:56,322,-0.14177474,6.0302124,7.021439
2021-09-07 19:59:56,331,-0.5132605,6.2171516,7.186843
2021-09-07 19:59:56,341,-0.5371887,6.468697,7.2011995
2021-09-07 19:59:56,351,-0.3598207,6.9044895,7.2825556
2021-09-07 19:59:56,362,0.11694921,6.3798633,7.227521
2021-09-07 19:59:56,371,0.18634106,6.159425,7.4455667
2021-09-07 19:59:56,381,0.24376881,6.0373907,7.5556364
2021-09-07 19:59:56,391,-5.9820566E-4,5.9488564,7.704291
2021-09-07 19:59:56,402,-0.026919255,6.109175,7.697112
2021-09-07 19:59:56,411,0.020937199,6.22433,7.5676007
2021-09-07 19:59:56,421,-0.03888337,6.1187468,7.4240313
2021-09-07 19:59:56,432,-0.22073789,6.1450677,7.2418776
2021-09-07 19:59:56,442,-0.1058824,6.152246,6.8706913
2021-09-07 19:59:56,452,-0.098703936,6.24108,7.2418776
2021-09-07 19:59:56,461,1.4344971,6.01107,6.7579293
2021-09-07 19:59:56,473,0.85244304,6.1642103,7.3953176
2021-09-07 19:59:56,482,0.63918275,6.370292,7.481459
2021-09-07 19:59:56,491,0.5096712,6.511768,7.3689966
2021-09-07 19:59:56,502,0.06430711,6.6098733,7.0863442
2021-09-07 19:59:56,512,-0.06281159,6.684051,6.9711895
2021-09-07 19:59:56,521,-0.060418773,6.707979,6.901798
2021-09-07 19:59:56,532,0.85483587,6.281758,6.8778696
2021-09-07 19:59:56,541,1.9423738,6.3511496,7.3642106
2021-09-07 19:59:56,552,2.1649063,6.552446,8.073085
2021-09-07 19:59:56,562,1.7482561,6.422934,9.361918
2021-09-07 19:59:56,572,2.1795623,6.5835524,9.87458
2021-09-07 19:59:56,581,2.3135605,6.4037914,9.922438
2021-09-07 19:59:56,592,2.1337996,6.3798633,9.342776
2021-09-07 19:59:56,601,1.7961125,6.406184,8.839685
2021-09-07 19:59:56,613,1.314557,6.511768,7.9654074
2021-09-07 19:59:56,621,1.041476,6.5715885,7.4120674
2021-09-07 19:59:56,632,0.663111,6.18096,6.1878395
2021-09-07 19:59:56,641,0.60329044,6.406184,6.0323057
2021-09-07 19:59:56,652,0.7013961,6.6361947,5.7640104
2021-09-07 19:59:56,662,0.8282157,6.806384,5.6991053
2021-09-07 19:59:56,672,1.1159526,6.451947,6.0921264
2021-09-07 19:59:56,681,1.5182459,6.19083,7.54128
2021-09-07 19:59:56,692,2.0907288,6.166603,8.327023
2021-09-07 19:59:56,702,1.9040886,6.2961144,8.372486
2021-09-07 19:59:56,711,1.4249259,6.5021963,8.17149
2021-09-07 19:59:56,723,1.7315062,6.6361947,7.7473617
2021-09-07 19:59:56,731,1.6908283,6.430113,7.0262246
2021-09-07 19:59:56,741,1.1853445,6.2458653,6.95444
2021-09-07 19:59:56,751,0.72771716,6.027819,6.84437
2021-09-07 19:59:56,761,0.56500524,6.018248,6.7555366
2021-09-07 19:59:56,772,0.19830517,5.6060843,6.302994
2021-09-07 19:59:56,782,-0.21834506,5.5462637,6.1854467
2021-09-07 19:59:56,791,0.0065802624,5.570192,5.701498
2021-09-07 19:59:56,802,0.27726832,5.452944,5.0596237
2021-09-07 19:59:56,811,0.9768698,5.4409795,5.229813
2021-09-07 19:59:56,822,1.9447666,5.601299,6.1328044
2021-09-07 19:59:56,832,2.5555346,5.625227,7.0597243
2021-09-07 19:59:56,841,3.336492,5.5534425,7.8167534
2021-09-07 19:59:56,852,3.935296,5.27079,7.9223366
2021-09-07 19:59:56,861,4.7162533,5.273183,7.878967
2021-09-07 19:59:56,872,5.5570316,5.2923255,7.3642106
2021-09-07 19:59:56,882,5.851648,5.313861,6.873084
2021-09-07 19:59:56,891,5.9042897,5.2540402,6.6765733
2021-09-07 19:59:56,902,6.055337,5.488836,5.732605
2021-09-07 19:59:56,913,5.7870417,5.814559,4.741079
2021-09-07 19:59:56,922,5.832505,5.852844,4.5278187
2021-09-07 19:59:56,931,6.3427744,5.8911295,5.246563
2021-09-07 19:59:56,942,6.596713,5.5725846,5.2345986
2021-09-07 19:59:56,952,6.366703,5.4074802,5.0979085
2021-09-07 19:59:56,962,6.220741,5.3449674,4.4464626
2021-09-07 19:59:56,971,6.2662044,5.6060843,4.3145585
2021-09-07 19:59:56,982,6.4145594,5.790631,4.4895334
2021-09-07 19:59:56,992,6.9583282,6.2027946,3.9768713
2021-09-07 19:59:56,1001,7.116554,6.1235323,3.6487553
2021-09-07 19:59:56,1012,7.329814,6.018248,4.1108694
2021-09-07 19:59:56,1022,7.1763744,5.5343,3.9026937
2021-09-07 19:59:56,1031,7.6387873,5.9007006,3.682255
2021-09-07 19:59:56,1042,7.353742,5.881558,3.3299117
2021-09-07 19:59:56,1052,7.004091,6.051748,2.324029
2021-09-07 19:59:56,1061,7.030412,6.387042,1.6507485
2021-09-07 19:59:56,1072,7.214659,6.5021963,1.1787642
2021-09-07 19:59:56,1082,7.502097,6.1331034,0.5919245
2021-09-07 19:59:56,1091,7.8352976,5.8337016,0.68075806
2021-09-07 19:59:56,1102,7.6076803,5.852844,0.6541379
2021-09-07 19:59:56,1111,7.7703924,5.939285,0.721436
2021-09-07 19:59:56,1122,8.21127,6.308079,1.1668001
2021-09-07 19:59:56,1131,7.914261,6.389435,0.3499503
2021-09-07 19:59:56,1142,7.396813,6.2937217,0.5129613
2021-09-07 19:59:56,1152,7.042376,6.034998,-0.73519474
2021-09-07 19:59:56,1161,7.2266235,6.027819,-2.1628125
2021-09-07 19:59:56,1171,6.943971,6.0565333,-2.9150562
2021-09-07 19:59:56,1182,6.9993052,5.757131,-2.3425734
2021-09-07 19:59:56,1191,7.030412,5.527121,-2.4095724
2021-09-07 19:59:56,1202,7.004091,5.2109694,-2.3545375
2021-09-07 19:59:56,1212,7.4039917,5.0862436,-4.3929234
2021-09-07 19:59:56,1221,7.559824,4.9570312,-3.9020956
2021-09-07 19:59:56,1232,7.262815,5.148756,-4.057629
2021-09-07 19:59:56,1242,7.4590263,4.834698,-4.8601217
2021-09-07 19:59:56,1252,7.650751,5.04078,-5.6004014
2021-09-07 19:59:56,1261,11.090733,5.206184,-2.8480573
2021-09-07 19:59:56,1272,10.980364,4.9522457,-4.409673
2021-09-07 19:59:56,1281,9.586246,5.299504,-3.202494
2021-09-07 19:59:56,1292,9.090333,5.28754,-2.8815567
2021-09-07 19:59:57,1302,9.737292,4.597809,-1.791626
2021-09-07 19:59:57,1311,10.01516,4.465904,-1.9351953
2021-09-07 19:59:57,1322,9.538389,3.6011982,-1.6357933
2021-09-07 19:59:57,1333,10.374382,3.7304106,-1.5161523
2021-09-07 19:59:57,1342,10.410274,3.7663028,-1.1566306
2021-09-07 19:59:57,1351,9.696614,3.6777685,-0.80937225
2021-09-07 19:59:57,1361,8.345567,3.2297122,-0.69212395
2021-09-07 19:59:57,1371,6.04098,3.2081769,-0.6056832
2021-09-07 19:59:57,1382,5.1089754,3.44058,-1.5281163
2021-09-07 19:59:57,1391,5.2552366,3.1459637,-1.3052847
2021-09-07 19:59:57,1403,6.798009,3.383152,-1.750948
2021-09-07 19:59:57,1411,9.871291,3.4214373,-1.817947
2021-09-07 19:59:57,1421,11.423635,3.2682967,-0.95802635
2021-09-07 19:59:57,1431,10.36481,2.9856443,-0.8955139
2021-09-07 19:59:57,1442,9.219845,2.8992038,-4.194319
2021-09-07 19:59:57,1451,6.1175504,3.222534,-1.9280169
2021-09-07 19:59:57,1462,4.1964126,4.1425743,-5.0303116
2021-09-07 19:59:57,1472,3.03709,4.13061,-4.08395
2021-09-07 19:59:57,1481,2.7855446,1.4763715,-2.5989046
2021-09-07 19:59:57,1493,5.3700924,0.10378868,-1.7338991
2021-09-07 19:59:57,1501,6.6182485,-1.3169497,-1.3698909
2021-09-07 19:59:57,1512,6.1247287,-2.0018952,-1.805983
2021-09-07 19:59:57,1522,3.5856447,-2.1577277,-2.9270203
2021-09-07 19:59:57,1532,2.2824538,-2.318047,-3.4492538
2021-09-07 19:59:57,1541,1.8990039,-2.2677977,-2.333002
2021-09-07 19:59:57,1552,2.426023,-2.033002,-1.4297116
2021-09-07 19:59:57,1561,5.030012,-1.7718852,-0.90508515
2021-09-07 19:59:57,1572,7.650751,-1.966003,-0.15314065
2021-09-07 19:59:57,1581,9.672687,-1.355235,-0.035593238
2021-09-07 19:59:57,1591,12.080165,0.13968103,-0.40677986
2021-09-07 19:59:57,1602,13.107583,-1.6115661,-0.061914288
2021-09-07 19:59:57,1611,13.491034,-0.49501517,0.13220344
2021-09-07 19:59:57,1622,13.972589,1.076172,-0.43818563
2021-09-07 19:59:57,1631,11.859726,1.4500505,-1.2669996
2021-09-07 19:59:57,1642,9.282058,1.6127625,-2.4119651
2021-09-07 19:59:57,1652,8.324032,1.4763715,-3.3436706
2021-09-07 19:59:57,1662,8.129914,0.91106725,-4.2302113
2021-09-07 19:59:57,1672,9.929018,-0.09272188,-3.664907
2021-09-07 19:59:57,1681,12.343675,0.02213361,-4.134199
2021-09-07 19:59:57,1692,13.711472,0.465404,-4.45065
2021-09-07 19:59:57,1702,16.14288,1.2104691,-3.6553357
2021-09-07 19:59:57,1711,16.904694,2.0153549,-3.1977084
2021-09-07 19:59:57,1721,18.078373,2.3410778,-2.673082
2021-09-07 19:59:57,1732,17.381165,2.269293,-1.8658035
2021-09-07 19:59:57,1741,15.773786,1.7877376,-1.7338991
2021-09-07 19:59:57,1751,14.85883,1.2870395,-1.9423738
2021-09-07 19:59:57,1761,13.24188,1.1697912,-1.7291135
2021-09-07 19:59:57,1774,12.367603,0.7217351,-0.45014977
2021-09-07 19:59:57,1783,11.720643,0.8222337,-0.8356933
2021-09-07 19:59:57,1792,11.08834,0.26889345,-0.62961143
2021-09-07 19:59:57,1804,10.949257,0.93260264,-0.9457632
2021-09-07 19:59:57,1814,12.525529,1.294218,-0.3278167
2021-09-07 19:59:57,1822,12.520743,1.0163515,-0.016450657
2021-09-07 19:59:57,1832,19.70968,3.0622149,6.276374
2021-09-07 19:59:57,1842,20.186451,2.8920252,14.349459
2021-09-07 19:59:57,1851,13.004692,0.4127619,4.846363
2021-09-07 19:59:57,1862,10.161121,-0.9957133,0.34277186
2021-09-07 19:59:57,1871,8.757432,-0.5021936,-3.1187453
2021-09-07 19:59:57,1882,8.139485,0.08703893,-3.1666017
2021-09-07 19:59:57,1891,8.060522,-0.14536397,-3.4085758
2021-09-07 19:59:57,1902,8.493922,-1.4294125,-2.2728825
2021-09-07 19:59:57,1912,7.818548,-2.6775684,-0.77347994
2021-09-07 19:59:57,1921,6.9056864,-3.3481572,-0.5315057
2021-09-07 19:59:57,1932,5.8636117,-5.0659046,-0.35174492
2021-09-07 19:59:57,1941,5.9859447,-5.451448,-1.7748762
2021-09-07 19:59:57,1953,5.47089,-5.702994,-1.5544374
2021-09-07 19:59:57,1961,5.47089,-5.702994,-1.5544374
2021-09-07 19:59:57,1972,6.936793,-4.6298127,0.17766708
2021-09-07 19:59:57,1982,6.6996045,-4.488337,0.29970104
2021-09-07 19:59:57,1991,7.8400836,-4.162614,1.2197413
2021-09-07 19:59:57,2002,8.771789,-4.84068,1.3417753
2021-09-07 19:59:57,2011,9.114262,-4.299304,2.1514466
2021-09-07 19:59:57,2022,5.7894344,-4.1410785,0.9128618
2021-09-07 19:59:57,2031,6.8721867,-4.124329,0.5033901
2021-09-07 19:59:57,2041,10.745868,-5.142475,-0.85483587
2021-09-07 19:59:57,2052,11.92194,-5.992824,-1.1350952
2021-09-07 19:59:57,2062,11.553146,-5.089833,-0.40677986
2021-09-07 19:59:57,2071,11.634501,-5.6910295,-1.044168
2021-09-07 19:59:57,2082,11.02852,-8.09133,0.11515459
2021-09-07 19:59:57,2091,9.610174,-7.880462,0.19920248
2021-09-07 19:59:57,2102,8.759825,-8.024331,-1.506581
2021-09-07 19:59:57,2111,8.546564,-8.2253275,-1.3890336
2021-09-07 19:59:57,2122,8.261519,-9.269794,-0.27756742
2021-09-07 19:59:57,2131,8.65454,-10.690534,0.6014958
2021-09-07 19:59:57,2142,4.6468616,-8.692527,-0.102592275
2021-09-07 19:59:57,2152,1.6067804,-5.029713,-1.3627125
2021-09-07 19:59:57,2163,1.5302101,-5.1735816,-1.2263216
2021-09-07 19:59:57,2172,1.1638091,-3.839284,-0.3900301
2021-09-07 19:59:57,2181,0.9936196,-3.7049868,0.21834506
2021-09-07 19:59:57,2192,1.0797613,-5.154439,0.54646087
2021-09-07 19:59:57,2201,1.2619148,-5.1879387,0.07686943
2021-09-07 19:59:57,2212,1.5924234,-5.056034,-0.16749759
2021-09-07 19:59:57,2221,1.5684953,-4.9268217,-0.45972106
2021-09-07 19:59:57,2233,1.5278172,-4.62742,-0.4019942
2021-09-07 19:59:57,2241,1.1159526,-3.3385859,-1.1733804
2021-09-07 19:59:57,2252,0.46181476,-3.2333016,0.30209386
2021-09-07 19:59:57,2261,8.32134,-1.3313067,3.9074793
2021-09-07 19:59:57,2271,1.7697915,-0.85214394,1.0998011
2021-09-07 19:59:57,2281,2.0691934,-2.9530423,0.2542374
2021-09-07 19:59:57,2292,0.44985065,-4.0310087,-0.3900301
2021-09-07 19:59:57,2301,-1.7467605,-6.5892353,-2.4311078
2021-09-07 19:59:58,2312,-3.1695926,-8.208578,-4.1703906
2021-09-07 19:59:58,2321,-2.3694925,-4.708776,-3.6696925
2021-09-07 19:59:58,2332,-6.7893353,-20.380268,-0.1265205
2021-09-07 19:59:58,2341,-9.113065,-36.10171,-5.878268
2021-09-07 19:59:58,2352,-10.07827,-43.427338,1.9286151
2021-09-07 19:59:58,2362,-5.306383,-38.988354,3.571886
2021-09-07 19:59:58,2372,6.7334027,-23.084757,5.2055855
2021-09-07 19:59:58,2381,13.296915,-15.234802,2.611467
2021-09-07 19:59:58,2391,13.294522,-10.630414,0.17288144
2021-09-07 19:59:58,2402,6.337989,-8.469695,-3.2192438
2021-09-07 19:59:58,2411,-2.417648,-10.846066,-4.0719857
2021-09-07 19:59:58,2421,-4.8155556,-9.823135,-0.94337034
2021-09-07 19:59:58,2432,-3.5171502,-8.606385,2.6569304
2021-09-07 19:59:58,2441,-2.812763,-8.718847,4.3480577
2021-09-07 19:59:58,2451,-1.68694,-7.856534,3.6750765
2021-09-07 19:59:58,2461,-1.6654046,-8.323732,2.6425736
2021-09-07 19:59:58,2472,-1.3779668,-8.709276,1.2723835
2021-09-07 19:59:58,2481,-1.3106686,-8.83161,0.29012975
2021-09-07 19:59:58,2493,-1.4665012,-9.008678,-0.799801
2021-09-07 19:59:58,2501,-1.5598212,-9.083155,-1.422533
2021-09-07 19:59:58,2511,-1.6845472,-9.243474,-1.1063814
2021-09-07 19:59:58,2521,-1.6199409,-9.142975,-1.1207383
2021-09-07 19:59:58,2531,-1.8475581,-9.439984,-1.1709876
2021-09-07 19:59:58,2542,-1.91695,-9.993324,-1.4392828
2021-09-07 19:59:58,2552,-1.3731811,-10.093823,-1.8107685
2021-09-07 19:59:58,2562,-1.442573,-9.811171,-2.088635
2021-09-07 19:59:58,2571,-1.957628,-9.854242,-2.5749762
2021-09-07 19:59:58,2581,-1.2987045,-9.387342,-2.6682963
2021-09-07 19:59:58,2592,-1.3082758,-9.322437,-2.3808584
2021-09-07 19:59:58,2602,-1.2723835,-9.327223,-1.5544374
2021-09-07 19:59:58,2611,-1.2125629,-9.339187,-1.0872388
2021-09-07 19:59:58,2623,-1.2867404,-9.3200445,-0.80937225
2021-09-07 19:59:58,2631,-1.2747762,-9.368199,-0.64875406
2021-09-07 19:59:58,2642,-1.3492528,-9.511769,-0.5602196
2021-09-07 19:59:58,2651,-1.3564314,-9.530911,-0.4860421
2021-09-07 19:59:58,2662,-1.4401802,-9.686745,-0.42861435
2021-09-07 19:59:58,2671,-1.4593227,-9.655638,-0.27756742
2021-09-07 19:59:58,2682,-1.4784653,-9.70828,-0.17467605
2021-09-07 19:59:58,2692,-1.5526428,-9.69153,-0.1698904
2021-09-07 19:59:58,2702,-1.579263,-9.701101,-0.13130614
2021-09-07 19:59:58,2711,-1.6486548,-9.713065,-0.27038896
2021-09-07 19:59:58,2721,-1.672583,-9.655638,-0.34456646
2021-09-07 19:59:58,2731,-1.7060826,-9.665209,-0.38763726
2021-09-07 19:59:58,2742,-1.6917256,-9.6173525,-0.3684947
2021-09-07 19:59:58,2751,-1.7036897,-9.612567,-0.41904306
2021-09-07 19:59:58,2762,-1.672583,-9.578768,-0.5051847
2021-09-07 19:59:58,2772,-1.6582261,-9.653245,-0.69930243
2021-09-07 19:59:58,2781,-1.6534405,-9.667602,-0.76630145
2021-09-07 19:59:58,2792,-1.6271194,-9.787243,-0.9194421
2021-09-07 19:59:58,2801,-1.6366907,-9.756136,-0.9457632
2021-09-07 19:59:58,2812,-1.5717853,-9.713065,-1.0465608
2021-09-07 19:59:58,2822,-1.5191432,-9.69153,-1.0657034
2021-09-07 19:59:58,2832,-1.3106686,-9.58834,-0.96520483
2021-09-07 19:59:58,2841,-1.2412767,-9.58834,-0.89072824
2021-09-07 19:59:58,2852,-1.1623136,-9.58834,-0.73519474
2021-09-07 19:59:58,2861,-1.0666007,-9.502198,-0.58654064
2021-09-07 19:59:58,2872,-0.9610174,-9.439984,-0.5315057
2021-09-07 19:59:58,2881,-0.9346963,-9.4280205,-0.47168517
2021-09-07 19:59:58,2891,-0.8964112,-9.471091,-0.4334
2021-09-07 19:59:58,2902,-0.81266236,-9.518948,-0.36370903
2021-09-07 19:59:58,2911,-0.8222337,-9.547662,-0.45014977
2021-09-07 19:59:58,2922,-0.8222337,-9.576375,-0.44775695
2021-09-07 19:59:58,2931,-0.8222337,-9.624531,-0.41665024
2021-09-07 19:59:58,2941,-0.96819586,-9.655638,-0.43579283
2021-09-07 19:59:58,2952,-1.1096715,-9.67478,-0.42622152
2021-09-07 19:59:58,2961,-1.238884,-9.70828,-0.4860421
2021-09-07 19:59:58,2971,-1.3707882,-9.701101,-0.4214359
2021-09-07 19:59:58,2982,-1.428216,-9.696316,-0.49082774
2021-09-07 19:59:58,2991,-1.5215361,-9.681958,-0.4668995
2021-09-07 19:59:58,3002,-1.579263,-9.629316,-0.62482584
2021-09-07 19:59:58,3012,-1.5840486,-9.626924,-0.66071814
2021-09-07 19:59:58,3021,-1.579263,-9.610174,-0.7423732
2021-09-07 19:59:58,3032,-1.5741782,-9.610174,-0.7926225
2021-09-07 19:59:58,3042,-1.5335002,-9.605089,-0.86201435
2021-09-07 19:59:58,3051,-1.454537,-9.602696,-0.9194421
2021-09-07 19:59:58,3062,-1.4138591,-9.566804,-0.9457632
2021-09-07 19:59:58,3071,-1.4186447,-9.597911,-0.9290134
2021-09-07 19:59:58,3082,-1.4186447,-9.631709,-0.9457632
2021-09-07 19:59:58,3091,-1.3971093,-9.585947,-0.9290134
2021-09-07 19:59:58,3102,-1.361217,-9.624531,-0.90508515
2021-09-07 19:59:58,3111,-1.3301103,-9.646067,-0.8596215
2021-09-07 19:59:58,3121,-1.2819548,-9.602696,-0.8572287
2021-09-07 19:59:58,3132,-1.1742777,-9.585947,-0.89072824
2021-09-07 19:59:58,3141,-1.1479566,-9.607781,-0.84047896
2021-09-07 19:59:58,3152,-1.090529,-9.590733,-0.8500503
2021-09-07 19:59:58,3161,-1.076172,-9.578768,-0.8596215
2021-09-07 19:59:58,3171,-1.0570294,-9.559626,-0.85483587
2021-09-07 19:59:58,3182,-1.1001002,-9.542876,-0.8787641
2021-09-07 19:59:58,3191,-1.1766706,-9.557233,-0.97956175
2021-09-07 19:59:58,3203,-1.1886346,-9.578768,-0.86919284
2021-09-07 19:59:58,3211,-1.2699906,-9.55484,-0.8285148
2021-09-07 19:59:58,3221,-1.2939188,-9.58834,-0.78783685
2021-09-07 19:59:58,3232,-1.2987045,-9.595518,-0.75673014
2021-09-07 19:59:58,3241,-1.2939188,-9.6173525,-0.7615158
2021-09-07 19:59:58,3252,-1.3010973,-9.581161,-0.7256235
2021-09-07 19:59:58,3261,-1.2915261,-9.564411,-0.66071814
2021-09-07 19:59:58,3272,-1.2197413,-9.58834,-0.60807604
2021-09-07 19:59:58,3282,-1.1766706,-9.566804,-0.5554339
2021-09-07 19:59:58,3292,-1.1575279,-9.590733,-0.6439684
2021-09-07 19:59:59,3302,-1.1647065,-9.638887,-0.65353966
2021-09-07 19:59:59,3312,-1.1407782,-9.622138,-0.62482584
2021-09-07 19:59:59,3321,-1.1144571,-9.636495,-0.6415756
2021-09-07 19:59:59,3332,-1.0977074,-9.6580305,-0.68494546
2021-09-07 19:59:59,3341,-1.1120644,-9.64128,-0.64875406
2021-09-07 19:59:59,3352,-1.061815,-9.610174,-0.6559325
2021-09-07 19:59:59,3362,-1.0953146,-9.595518,-0.6655038
2021-09-07 19:59:59,3372,-1.11685,-9.636495,-0.63918275
2021-09-07 19:59:59,3381,-1.1575279,-9.600304,-0.7040881
2021-09-07 19:59:59,3392,-1.1431711,-9.595518,-0.61046886
2021-09-07 19:59:59,3401,-1.1790633,-9.583553,-0.6367899
2021-09-07 19:59:59,3412,-1.2364911,-9.583553,-0.663111
2021-09-07 19:59:59,3421,-1.2221341,-9.590733,-0.6128617
2021-09-07 19:59:59,3431,-1.2604194,-9.578768,-0.6678966
2021-09-07 19:59:59,3442,-1.2460624,-9.573982,-0.6774679
2021-09-07 19:59:59,3451,-1.2771691,-9.595518,-0.72323066
2021-09-07 19:59:59,3462,-1.2125629,-9.612567,-0.74476606
2021-09-07 19:59:59,3471,-1.2556337,-9.610174,-0.7304091
2021-09-07 19:59:59,3482,-1.2843475,-9.612567,-0.7543373
2021-09-07 19:59:59,3491,-1.2484552,-9.597911,-0.7830512
2021-09-07 19:59:59,3502,-1.2915261,-9.581161,-0.81655073
2021-09-07 19:59:59,3512,-1.2915261,-9.581161,-0.81655073
2021-09-07 19:59:59,3521,-1.320539,-9.597911,-0.8021938
2021-09-07 19:59:59,3532,-1.4377873,-9.655638,-0.785444
2021-09-07 19:59:59,3541,-1.4210376,-9.597911,-0.8141579
2021-09-07 19:59:59,3552,-1.5311074,-9.602696,-0.7639086
2021-09-07 19:59:59,3561,-1.5382859,-9.593125,-0.74476606
2021-09-07 19:59:59,3571,-1.5574285,-9.571589,-0.74476606
2021-09-07 19:59:59,3582,-1.5263218,-9.597911,-0.7112665
2021-09-07 19:59:59,3591,-1.5047864,-9.607781,-0.67028946
2021-09-07 19:59:59,3602,-1.4449657,-9.571589,-0.68255264
2021-09-07 19:59:59,3613,-1.4066806,-9.559626,-0.60329044
2021-09-07 19:59:59,3621,-1.3229318,-9.573982,-0.72323066
2021-09-07 19:59:59,3633,-1.3082758,-9.559626,-0.6750751
2021-09-07 19:59:59,3643,-1.1814562,-9.600304,-0.7399804
2021-09-07 19:59:59,3653,-1.1527423,-9.597911,-0.7543373
2021-09-07 19:59:59,3663,-1.1551352,-9.619745,-0.7710871
2021-09-07 19:59:59,3672,-1.1431711,-9.58834,-0.7543373
2021-09-07 19:59:59,3682,-1.198206,-9.626924,-0.8333005
2021-09-07 19:59:59,3691,-1.1958131,-9.58834,-0.77826554
2021-09-07 19:59:59,3702,-1.21017,-9.624531,-0.7543373
2021-09-07 19:59:59,3711,-1.2197413,-9.626924,-0.77826554
2021-09-07 19:59:59,3721,-1.2699906,-9.61496,-0.65353966
2021-09-07 19:59:59,3732,-1.2963116,-9.610174,-0.6655038
2021-09-07 19:59:59,3741,-1.2747762,-9.585947,-0.6367899
2021-09-07 19:59:59,3751,-1.250848,-9.612567,-0.6200402
2021-09-07 19:59:59,3761,-1.2269198,-9.569197,-0.64875406
2021-09-07 19:59:59,3772,-1.238884,-9.573982,-0.6678966
2021-09-07 19:59:59,3781,-1.2364911,-9.610174,-0.7088737
2021-09-07 19:59:59,3792,-1.2053844,-9.607781,-0.70648086
2021-09-07 19:59:59,3801,-1.1814562,-9.6173525,-0.7280163
2021-09-07 19:59:59,3812,-1.2269198,-9.605089,-0.7543373
2021-09-07 19:59:59,3821,-1.21017,-9.595518,-0.75673014
2021-09-07 19:59:59,3832,-1.2364911,-9.605089,-0.75912297
2021-09-07 19:59:59,3841,-1.198206,-9.622138,-0.8045866
2021-09-07 19:59:59,3852,-1.1718849,-9.595518,-0.8021938
2021-09-07 19:59:59,3861,-1.2125629,-9.585947,-0.78065836
2021-09-07 19:59:59,3871,-1.1862419,-9.6173525,-0.8045866
2021-09-07 19:59:59,3882,-1.198206,-9.648459,-0.7830512
2021-09-07 19:59:59,3891,-1.2197413,-9.605089,-0.74476606
2021-09-07 19:59:59,3902,-1.2340983,-9.593125,-0.7543373
2021-09-07 19:59:59,3911,-1.2125629,-9.590733,-0.77587277
2021-09-07 19:59:59,3922,-1.2053844,-9.610174,-0.7686943
2021-09-07 19:59:59,3931,-1.1862419,-9.624531,-0.74476606
2021-09-07 19:59:59,3942,-1.2293127,-9.583553,-0.69930243
2021-09-07 19:59:59,3951,-1.1623136,-9.571589,-0.75912297
2021-09-07 19:59:59,3961,-1.2484552,-9.593125,-0.6969096
2021-09-07 19:59:59,3972,-1.1742777,-9.619745,-0.75673014
2021-09-07 19:59:59,3981,-1.2005987,-9.634102,-0.7328019
2021-09-07 19:59:59,3991,-1.2317054,-9.597911,-0.7639086
2021-09-07 19:59:59,4002,-1.198206,-9.605089,-0.68494546
2021-09-07 19:59:59,4011,-1.1958131,-9.585947,-0.71365935
2021-09-07 19:59:59,4021,-1.2053844,-9.58834,-0.70648086
2021-09-07 19:59:59,4032,-1.1718849,-9.610174,-0.7280163
2021-09-07 19:59:59,4041,-1.1240284,-9.597911,-0.69930243
2021-09-07 19:59:59,4052,-1.1216356,-9.619745,-0.7280163
2021-09-07 19:59:59,4061,-1.0929217,-9.667602,-0.73519474
2021-09-07 19:59:59,4072,-1.0666007,-9.681958,-0.7399804
2021-09-07 19:59:59,4081,-1.1264212,-9.703494,-0.79740816
2021-09-07 19:59:59,4091,-1.1312069,-9.646067,-0.7686943
2021-09-07 19:59:59,4102,-1.1383854,-9.667602,-0.6873383
2021-09-07 19:59:59,4112,-1.1718849,-9.643674,-0.6897311
2021-09-07 19:59:59,4122,-1.1694921,-9.6580305,-0.5985048
2021-09-07 19:59:59,4131,-1.1670992,-9.64128,-0.622433
2021-09-07 19:59:59,4142,-1.2221341,-9.610174,-0.622433
2021-09-07 19:59:59,4151,-1.1934203,-9.6173525,-0.6343971
2021-09-07 19:59:59,4161,-1.1766706,-9.643674,-0.5985048
2021-09-07 19:59:59,4172,-1.1790633,-9.578768,-0.5243273
2021-09-07 19:59:59,4181,-1.1958131,-9.634102,-0.5937191
2021-09-07 19:59:59,4192,-1.1623136,-9.562018,-0.5841478
2021-09-07 19:59:59,4201,-1.1455638,-9.605089,-0.60807604
2021-09-07 19:59:59,4211,-1.1910275,-9.535697,-0.68255264
2021-09-07 19:59:59,4221,-1.1431711,-9.511769,-0.6367899
2021-09-07 19:59:59,4232,-1.1335998,-9.504591,-0.6583253
2021-09-07 19:59:59,4241,-1.1527423,-9.545269,-0.7399804
2021-09-07 19:59:59,4252,-1.1862419,-9.516555,-0.7328019
2021-09-07 19:59:59,4262,-1.1718849,-9.518948,-0.8021938
2021-09-07 19:59:59,4271,-1.2029916,-9.518948,-0.8668
2021-09-07 19:59:59,4281,-1.1670992,-9.547662,-0.84047896
2021-09-07 19:59:59,4291,-1.2077773,-9.58834,-0.8045866
2021-09-07 19:59:59,4301,-1.1886346,-9.58834,-0.78065836
2021-09-07 20:00:00,4312,-1.2029916,-9.547662,-0.799801
2021-09-07 20:00:00,4321,-1.2412767,-9.602696,-0.7304091
2021-09-07 20:00:00,4332,-1.2963116,-9.595518,-0.75673014
2021-09-07 20:00:00,4341,-1.2484552,-9.624531,-0.69212395
2021-09-07 20:00:00,4351,-1.2340983,-9.648459,-0.5937191
2021-09-07 20:00:00,4362,-1.2149557,-9.653245,-0.6367899
2021-09-07 20:00:00,4375,-1.2173486,-9.624531,-0.5673981
2021-09-07 20:00:00,4381,-1.2532408,-9.662816,-0.55304116
2021-09-07 20:00:00,4392,-1.2556337,-9.669994,-0.55064833
2021-09-07 20:00:00,4401,-1.21017,-9.6580305,-0.53389853
2021-09-07 20:00:00,4411,-1.2077773,-9.638887,-0.5458627
2021-09-07 20:00:00,4422,-1.2317054,-9.629316,-0.60329044
2021-09-07 20:00:00,4431,-1.2484552,-9.58834,-0.64875406
2021-09-07 20:00:00,4442,-1.2340983,-9.61496,-0.7304091
2021-09-07 20:00:00,4451,-1.2293127,-9.602696,-0.74476606
2021-09-07 20:00:00,4461,-1.2675978,-9.58834,-0.77587277
2021-09-07 20:00:00,4471,-1.2221341,-9.573982,-0.80937225
2021-09-07 20:00:00,4482,-1.238884,-9.518948,-0.85483587
2021-09-07 20:00:00,4491,-1.2412767,-9.552447,-0.81894356
2021-09-07 20:00:00,4501,-1.1647065,-9.547662,-0.85244304
2021-09-07 20:00:00,4512,-1.2053844,-9.545269,-0.8572287
2021-09-07 20:00:00,4521,-1.1742777,-9.550055,-0.87158567
2021-09-07 20:00:00,4531,-1.183849,-9.545269,-0.8117651
2021-09-07 20:00:00,4541,-1.2173486,-9.602696,-0.77826554
2021-09-07 20:00:00,4552,-1.2125629,-9.631709,-0.7710871
2021-09-07 20:00:00,4563,-1.2173486,-9.61496,-0.7495517
2021-09-07 20:00:00,4571,-1.1790633,-9.622138,-0.7328019
2021-09-07 20:00:00,4582,-1.1958131,-9.643674,-0.6655038
2021-09-07 20:00:00,4591,-1.2125629,-9.6173525,-0.62721866
2021-09-07 20:00:00,4601,-1.1814562,-9.655638,-0.6008976
2021-09-07 20:00:00,4612,-1.183849,-9.636495,-0.62482584
2021-09-07 20:00:00,4622,-1.2293127,-9.655638,-0.5769694
2021-09-07 20:00:00,4631,-1.1862419,-9.638887,-0.5841478
2021-09-07 20:00:00,4642,-1.1718849,-9.669994,-0.60329044
2021-09-07 20:00:00,4652,-1.183849,-9.679565,-0.58654064
2021-09-07 20:00:00,4661,-1.1862419,-9.597911,-0.6415756
2021-09-07 20:00:00,4671,-1.1383854,-9.562018,-0.6798607
2021-09-07 20:00:00,4682,-1.1503495,-9.600304,-0.6945168
2021-09-07 20:00:00,4691,-1.1503495,-9.610174,-0.73519474
2021-09-07 20:00:00,4701,-1.1790633,-9.629316,-0.73519474
2021-09-07 20:00:00,4712,-1.1910275,-9.626924,-0.7112665
2021-09-07 20:00:00,4722,-1.2293127,-9.578768,-0.73519474
2021-09-07 20:00:00,4731,-1.2532408,-9.573982,-0.8237292
2021-09-07 20:00:00,4742,-1.2604194,-9.562018,-0.7543373
2021-09-07 20:00:00,4751,-1.21017,-9.55484,-0.7328019
2021-09-07 20:00:00,4761,-1.2675978,-9.547662,-0.6774679
2021-09-07 20:00:00,4773,-1.2293127,-9.559626,-0.61046886
2021-09-07 20:00:00,4783,-1.2197413,-9.6173525,-0.62721866
2021-09-07 20:00:00,4791,-1.21017,-9.629316,-0.6008976
2021-09-07 20:00:00,4802,-1.1958131,-9.605089,-0.62721866
2021-09-07 20:00:00,4811,-1.1694921,-9.662816,-0.59611195
2021-09-07 20:00:00,4822,-1.2005987,-9.64128,-0.6152545
2021-09-07 20:00:00,4831,-1.1766706,-9.629316,-0.63918275
2021-09-07 20:00:00,4842,-1.1790633,-9.610174,-0.6583253
2021-09-07 20:00:00,4851,-1.2149557,-9.655638,-0.7160522
2021-09-07 20:00:00,4861,-1.1910275,-9.667602,-0.7088737
2021-09-07 20:00:00,4872,-1.2460624,-9.646067,-0.7639086
2021-09-07 20:00:00,4882,-1.2293127,-9.636495,-0.7256235
2021-09-07 20:00:00,4892,-1.2556337,-9.590733,-0.7280163
2021-09-07 20:00:00,4901,-1.2221341,-9.576375,-0.7686943
2021-09-07 20:00:00,4912,-1.2125629,-9.573982,-0.72323066
2021-09-07 20:00:00,4921,-1.2197413,-9.576375,-0.68255264
2021-09-07 20:00:00,4932,-1.2029916,-9.634102,-0.65353966
2021-09-07 20:00:00,4942,-1.2077773,-9.605089,-0.70169526
2021-09-07 20:00:00,4951,-1.238884,-9.610174,-0.6774679
2021-09-07 20:00:00,4961,-1.2197413,-9.626924,-0.68494546
2021-09-07 20:00:00,4972,-1.2628121,-9.602696,-0.6678966
2021-09-07 20:00:00,4981,-1.2723835,-9.583553,-0.6726823
2021-09-07 20:00:00,4991,-1.3010973,-9.612567,-0.6726823
2021-09-07 20:00:00,5002,-1.2891332,-9.610174,-0.6873383
2021-09-07 20:00:00,5011,-1.3133606,-9.573982,-0.7280163
2021-09-07 20:00:00,5021,-1.2939188,-9.576375,-0.6873383
2021-09-07 20:00:00,5031,-1.2675978,-9.581161,-0.6897311
2021-09-07 20:00:00,5042,-1.2532408,-9.593125,-0.72083783
2021-09-07 20:00:00,5051,-1.2149557,-9.58834,-0.7328019
2021-09-07 20:00:00,5061,-1.2197413,-9.593125,-0.7280163
2021-09-07 20:00:00,5072,-1.2484552,-9.571589,-0.7280163
2021-09-07 20:00:00,5081,-1.2317054,-9.612567,-0.7830512
2021-09-07 20:00:00,5091,-1.250848,-9.590733,-0.7495517
2021-09-07 20:00:00,5102,-1.2532408,-9.631709,-0.6897311
2021-09-07 20:00:00,5112,-1.2364911,-9.605089,-0.7375876
2021-09-07 20:00:00,5121,-1.2819548,-9.607781,-0.74476606
2021-09-07 20:00:00,5132,-1.2747762,-9.581161,-0.6511469
2021-09-07 20:00:00,5141,-1.3010973,-9.61496,-0.64636123
2021-09-07 20:00:00,5151,-1.3133606,-9.626924,-0.65353966
2021-09-07 20:00:00,5161,-1.2723835,-9.631709,-0.64875406
2021-09-07 20:00:00,5172,-1.2125629,-9.607781,-0.60807604
2021-09-07 20:00:00,5181,-1.2675978,-9.590733,-0.6128617
2021-09-07 20:00:00,5191,-1.2556337,-9.600304,-0.7088737
2021-09-07 20:00:00,5202,-1.2125629,-9.583553,-0.6798607
2021-09-07 20:00:00,5211,-1.2005987,-9.595518,-0.7040881
2021-09-07 20:00:00,5221,-1.1910275,-9.602696,-0.7112665
2021-09-07 20:00:00,5232,-1.2077773,-9.595518,-0.6559325
2021-09-07 20:00:00,5241,-1.2029916,-9.583553,-0.7280163
2021-09-07 20:00:00,5251,-1.1862419,-9.576375,-0.7280163
2021-09-07 20:00:00,5262,-1.1192428,-9.564411,-0.7304091
2021-09-07 20:00:00,5272,-1.11685,-9.576375,-0.6774679
2021-09-07 20:00:00,5282,-1.1527423,-9.552447,-0.71365935
2021-09-07 20:00:00,5291,-1.198206,-9.600304,-0.6750751
2021-09-07 20:00:00,5301,-1.1670992,-9.638887,-0.6798607
2021-09-07 20:00:01,5312,-1.21017,-9.629316,-0.68255264
2021-09-07 20:00:01,5321,-1.2412767,-9.629316,-0.6726823
2021-09-07 20:00:01,5332,-1.2005987,-9.634102,-0.5937191
2021-09-07 20:00:01,5341,-1.2125629,-9.578768,-0.62482584
2021-09-07 20:00:01,5352,-1.238884,-9.619745,-0.59611195
2021-09-07 20:00:01,5361,-1.1886346,-9.559626,-0.5482555
2021-09-07 20:00:01,5372,-1.1790633,-9.573982,-0.5721837
2021-09-07 20:00:01,5381,-1.2364911,-9.646067,-0.6200402
2021-09-07 20:00:01,5392,-1.224527,-9.64128,-0.62721866
2021-09-07 20:00:01,5401,-1.2771691,-9.629316,-0.6798607
2021-09-07 20:00:01,5412,-1.3082758,-9.593125,-0.73519474
2021-09-07 20:00:01,5421,-1.2532408,-9.612567,-0.7543373
2021-09-07 20:00:01,5432,-1.2532408,-9.602696,-0.7471589
2021-09-07 20:00:01,5441,-1.198206,-9.61496,-0.72083783
2021-09-07 20:00:01,5452,-1.1647065,-9.597911,-0.70648086
2021-09-07 20:00:01,5461,-1.2173486,-9.622138,-0.7256235
2021-09-07 20:00:01,5471,-1.1862419,-9.571589,-0.72323066
2021-09-07 20:00:01,5482,-1.2053844,-9.610174,-0.785444
2021-09-07 20:00:01,5491,-1.2628121,-9.6173525,-0.7639086
2021-09-07 20:00:01,5501,-1.2412767,-9.566804,-0.7399804
2021-09-07 20:00:01,5512,-1.2532408,-9.573982,-0.6798607
2021-09-07 20:00:01,5521,-1.2532408,-9.58834,-0.58893347
2021-09-07 20:00:01,5532,-1.2819548,-9.581161,-0.6367899
2021-09-07 20:00:01,5541,-1.2723835,-9.58834,-0.6726823
2021-09-07 20:00:01,5552,-1.2939188,-9.600304,-0.63918275
2021-09-07 20:00:01,5562,-1.2771691,-9.643674,-0.70169526
2021-09-07 20:00:01,5573,-1.2532408,-9.643674,-0.7088737
2021-09-07 20:00:01,5582,-1.2675978,-9.64128,-0.6559325
2021-09-07 20:00:01,5591,-1.2340983,-9.636495,-0.6726823
2021-09-07 20:00:01,5601,-1.2460624,-9.646067,-0.6945168
2021-09-07 20:00:01,5611,-1.2675978,-9.638887,-0.6897311
2021-09-07 20:00:01,5622,-1.1934203,-9.602696,-0.7112665
2021-09-07 20:00:01,5632,-1.2053844,-9.593125,-0.70648086
2021-09-07 20:00:01,5643,-1.2149557,-9.590733,-0.6969096
2021-09-07 20:00:01,5652,-1.183849,-9.593125,-0.7112665
2021-09-07 20:00:01,5661,-1.1958131,-9.576375,-0.70648086
2021-09-07 20:00:01,5671,-1.2221341,-9.571589,-0.72083783
2021-09-07 20:00:01,5682,-1.1958131,-9.605089,-0.7304091
2021-09-07 20:00:01,5691,-1.198206,-9.631709,-0.69212395
2021-09-07 20:00:01,5702,-1.224527,-9.61496,-0.7304091
2021-09-07 20:00:01,5711,-1.2317054,-9.58834,-0.6873383
2021-09-07 20:00:01,5721,-1.238884,-9.581161,-0.6945168
2021-09-07 20:00:01,5732,-1.2053844,-9.602696,-0.71365935
2021-09-07 20:00:01,5741,-1.2340983,-9.612567,-0.6678966
2021-09-07 20:00:01,5752,-1.2149557,-9.590733,-0.6945168
2021-09-07 20:00:01,5761,-1.1766706,-9.600304,-0.6678966
2021-09-07 20:00:01,5774,-1.1766706,-9.581161,-0.6415756
2021-09-07 20:00:01,5781,-1.2029916,-9.595518,-0.6945168
2021-09-07 20:00:01,5791,-1.1599208,-9.624531,-0.6367899
2021-09-07 20:00:01,5802,-1.1599208,-9.619745,-0.63918275
2021-09-07 20:00:01,5812,-1.1192428,-9.61496,-0.6511469
2021-09-07 20:00:01,5821,-1.1575279,-9.619745,-0.5985048
2021-09-07 20:00:01,5832,-1.1623136,-9.607781,-0.60329044
2021-09-07 20:00:01,5842,-1.1790633,-9.61496,-0.6008976
2021-09-07 20:00:01,5852,-1.198206,-9.590733,-0.58654064
2021-09-07 20:00:01,5861,-1.1694921,-9.600304,-0.58893347
2021-09-07 20:00:01,5871,-1.2005987,-9.595518,-0.61046886
2021-09-07 20:00:01,5882,-1.250848,-9.562018,-0.6367899
2021-09-07 20:00:01,5892,-1.2053844,-9.585947,-0.6415756
2021-09-07 20:00:01,5901,-1.2580265,-9.581161,-0.6945168
2021-09-07 20:00:01,5912,-1.21017,-9.610174,-0.6969096
2021-09-07 20:00:01,5921,-1.2173486,-9.6173525,-0.718445
2021-09-07 20:00:01,5932,-1.1647065,-9.619745,-0.75194454
2021-09-07 20:00:01,5941,-1.1718849,-9.576375,-0.6873383
2021-09-07 20:00:01,5952,-1.1718849,-9.629316,-0.70169526
2021-09-07 20:00:01,5961,-1.2029916,-9.648459,-0.69930243
2021-09-07 20:00:01,5972,-1.224527,-9.58834,-0.6969096
2021-09-07 20:00:01,5981,-1.2077773,-9.61496,-0.6559325
2021-09-07 20:00:01,5992,-1.2604194,-9.583553,-0.6583253
2021-09-07 20:00:01,6001,-1.2364911,-9.607781,-0.60807604
2021-09-07 20:00:01,6011,-1.2197413,-9.58834,-0.6511469
2021-09-07 20:00:01,6022,-1.1790633,-9.583553,-0.5913263
2021-09-07 20:00:01,6031,-1.2077773,-9.605089,-0.64875406
2021-09-07 20:00:01,6043,-1.2077773,-9.605089,-0.60329044
2021-09-07 20:00:01,6051,-1.21017,-9.590733,-0.62961143
2021-09-07 20:00:01,6061,-1.1670992,-9.593125,-0.6726823
2021-09-07 20:00:01,6072,-1.183849,-9.58834,-0.6439684
2021-09-07 20:00:01,6083,-1.1240284,-9.655638,-0.6678966
2021-09-07 20:00:01,6091,-1.1814562,-9.578768,-0.65353966
2021-09-07 20:00:01,6102,-1.1814562,-9.602696,-0.6678966
2021-09-07 20:00:01,6112,-1.2197413,-9.550055,-0.69212395
2021-09-07 20:00:01,6122,-1.198206,-9.597911,-0.69212395
2021-09-07 20:00:01,6132,-1.2436695,-9.622138,-0.7040881
2021-09-07 20:00:01,6142,-1.2412767,-9.61496,-0.64636123
2021-09-07 20:00:01,6151,-1.250848,-9.573982,-0.7423732
2021-09-07 20:00:01,6162,-1.1934203,-9.602696,-0.68494546
2021-09-07 20:00:01,6171,-1.2364911,-9.593125,-0.6774679
2021-09-07 20:00:01,6182,-1.1862419,-9.607781,-0.6655038
2021-09-07 20:00:01,6192,-1.1766706,-9.624531,-0.62961143
2021-09-07 20:00:01,6201,-1.2269198,-9.619745,-0.60329044
2021-09-07 20:00:01,6211,-1.2293127,-9.583553,-0.6897311
2021-09-07 20:00:01,6222,-1.2364911,-9.600304,-0.6873383
2021-09-07 20:00:01,6231,-1.2604194,-9.605089,-0.6798607
2021-09-07 20:00:01,6245,-1.265205,-9.593125,-0.65353966
2021-09-07 20:00:01,6251,-1.2269198,-9.595518,-0.622433
2021-09-07 20:00:01,6263,-1.2556337,-9.619745,-0.6511469
2021-09-07 20:00:01,6271,-1.2604194,-9.619745,-0.7160522
2021-09-07 20:00:01,6282,-1.2795619,-9.6173525,-0.7399804
2021-09-07 20:00:01,6292,-1.2029916,-9.607781,-0.6774679
2021-09-07 20:00:01,6301,-1.2197413,-9.660423,-0.74476606
2021-09-07 20:00:02,6312,-1.1934203,-9.590733,-0.78065836
2021-09-07 20:00:02,6321,-1.1862419,-9.61496,-0.718445
2021-09-07 20:00:02,6332,-1.2173486,-9.629316,-0.8045866
2021-09-07 20:00:02,6341,-1.1934203,-9.593125,-0.7328019
2021-09-07 20:00:02,6352,-1.2340983,-9.612567,-0.7399804
2021-09-07 20:00:02,6361,-1.2532408,-9.593125,-0.7423732
2021-09-07 20:00:02,6373,-1.1766706,-9.557233,-0.718445
2021-09-07 20:00:02,6381,-1.21017,-9.612567,-0.718445
2021-09-07 20:00:02,6393,-1.2412767,-9.583553,-0.7328019
2021-09-07 20:00:02,6401,-1.2005987,-9.61496,-0.69212395
2021-09-07 20:00:02,6412,-1.2053844,-9.6173525,-0.7040881
2021-09-07 20:00:02,6421,-1.1766706,-9.622138,-0.72323066
2021-09-07 20:00:02,6432,-1.1742777,-9.576375,-0.6367899
2021-09-07 20:00:02,6441,-1.1766706,-9.634102,-0.67028946
2021-09-07 20:00:02,6451,-1.183849,-9.605089,-0.6897311
2021-09-07 20:00:02,6462,-1.1455638,-9.64128,-0.6798607
2021-09-07 20:00:02,6471,-1.1766706,-9.600304,-0.6678966
2021-09-07 20:00:02,6482,-1.1742777,-9.607781,-0.64875406
2021-09-07 20:00:02,6491,-1.1455638,-9.597911,-0.65353966
2021-09-07 20:00:02,6502,-1.1886346,-9.578768,-0.5937191
2021-09-07 20:00:02,6511,-1.1718849,-9.605089,-0.7088737
2021-09-07 20:00:02,6522,-1.1766706,-9.64128,-0.6343971
2021-09-07 20:00:02,6532,-1.2197413,-9.61496,-0.6415756
2021-09-07 20:00:02,6541,-1.1623136,-9.581161,-0.6969096
2021-09-07 20:00:02,6551,-1.2029916,-9.648459,-0.6798607
2021-09-07 20:00:02,6561,-1.2029916,-9.6173525,-0.6343971
2021-09-07 20:00:02,6572,-1.1862419,-9.610174,-0.7088737
2021-09-07 20:00:02,6583,-1.2269198,-9.650852,-0.6655038
2021-09-07 20:00:02,6593,-1.1670992,-9.593125,-0.718445
2021-09-07 20:00:02,6604,-1.1431711,-9.597911,-0.6678966
2021-09-07 20:00:02,6614,-1.1766706,-9.622138,-0.6726823
2021-09-07 20:00:02,6623,-1.2125629,-9.619745,-0.62482584
2021-09-07 20:00:02,6633,-1.198206,-9.590733,-0.6726823
2021-09-07 20:00:02,6643,-1.1862419,-9.559626,-0.68494546
2021-09-07 20:00:02,6653,-1.1910275,-9.612567,-0.68255264
2021-09-07 20:00:02,6661,-1.2436695,-9.571589,-0.7112665
2021-09-07 20:00:02,6672,-1.2149557,-9.631709,-0.72083783
2021-09-07 20:00:02,6681,-1.183849,-9.61496,-0.6873383
2021-09-07 20:00:02,6692,-1.1862419,-9.6173525,-0.6511469
2021-09-07 20:00:02,6701,-1.1072787,-9.638887,-0.69212395
2021-09-07 20:00:02,6711,-1.11685,-9.643674,-0.6439684
2021-09-07 20:00:02,6722,-1.0594223,-9.612567,-0.622433
2021-09-07 20:00:02,6732,-1.0474582,-9.559626,-0.62482584
2021-09-07 20:00:02,6741,-1.0375878,-9.573982,-0.64875406
2021-09-07 20:00:02,6752,-1.090529,-9.573982,-0.65353966
2021-09-07 20:00:02,6761,-1.0809577,-9.566804,-0.6511469
2021-09-07 20:00:02,6771,-1.1216356,-9.605089,-0.6367899
2021-09-07 20:00:02,6782,-1.1647065,-9.622138,-0.6128617
2021-09-07 20:00:02,6791,-1.1670992,-9.58834,-0.6415756
2021-09-07 20:00:02,6803,-1.1144571,-9.636495,-0.61764735
2021-09-07 20:00:02,6811,-1.0450653,-9.619745,-0.57936215
2021-09-07 20:00:02,6824,-0.9873384,-9.622138,-0.6056832
2021-09-07 20:00:02,6831,-0.9610174,-9.595518,-0.52911294
2021-09-07 20:00:02,6841,-0.8964112,-9.636495,-0.5937191
2021-09-07 20:00:02,6852,-0.89401835,-9.650852,-0.64636123
2021-09-07 20:00:02,6863,-0.92273223,-9.6173525,-0.72083783
2021-09-07 20:00:02,6871,-1.0016954,-9.578768,-0.7471589
2021-09-07 20:00:02,6882,-1.1120644,-9.583553,-0.82612205
2021-09-07 20:00:02,6891,-1.1527423,-9.58834,-0.80937225
2021-09-07 20:00:02,6901,-1.2269198,-9.648459,-0.81894356
2021-09-07 20:00:02,6912,-1.2484552,-9.605089,-0.8117651
2021-09-07 20:00:02,6922,-1.3325031,-9.619745,-0.7280163
2021-09-07 20:00:02,6931,-1.3492528,-9.672387,-0.72083783
2021-09-07 20:00:02,6942,-1.3277174,-9.636495,-0.7040881
2021-09-07 20:00:02,6951,-1.2987045,-9.600304,-0.6945168
2021-09-07 20:00:02,6962,-1.2939188,-9.61496,-0.74476606
2021-09-07 20:00:02,6971,-1.3253247,-9.590733,-0.8237292
2021-09-07 20:00:02,6982,-1.361217,-9.61496,-0.78065836
2021-09-07 20:00:02,6993,-1.4306089,-9.583553,-0.8428718
2021-09-07 20:00:02,7002,-1.4593227,-9.545269,-0.8141579
2021-09-07 20:00:02,7011,-1.495215,-9.576375,-0.8811569
2021-09-07 20:00:02,7022,-1.5478572,-9.583553,-0.88354975
2021-09-07 20:00:02,7031,-1.5816557,-9.559626,-0.85244304
2021-09-07 20:00:02,7042,-1.5478572,-9.545269,-0.8811569
2021-09-07 20:00:02,7051,-1.4928222,-9.576375,-0.87637126
2021-09-07 20:00:02,7062,-1.5191432,-9.590733,-0.8356933
2021-09-07 20:00:02,7072,-1.509572,-9.610174,-0.8644072
2021-09-07 20:00:02,7081,-1.442573,-9.646067,-0.80937225
2021-09-07 20:00:02,7091,-1.4210376,-9.619745,-0.78783685
2021-09-07 20:00:02,7102,-1.3707882,-9.605089,-0.75194454
2021-09-07 20:00:02,7112,-1.3731811,-9.597911,-0.6969096
2021-09-07 20:00:02,7121,-1.3396816,-9.605089,-0.6969096
2021-09-07 20:00:02,7132,-1.2580265,-9.636495,-0.71365935
2021-09-07 20:00:02,7143,-1.2795619,-9.552447,-0.6774679
2021-09-07 20:00:02,7152,-1.1862419,-9.61496,-0.6511469
2021-09-07 20:00:02,7163,-1.1575279,-9.576375,-0.5841478
2021-09-07 20:00:02,7171,-1.1383854,-9.636495,-0.6128617
2021-09-07 20:00:02,7182,-1.0713863,-9.557233,-0.64636123
2021-09-07 20:00:02,7191,-0.90119684,-9.564411,-0.5721837
2021-09-07 20:00:02,7202,-0.8916255,-9.624531,-0.60329044
2021-09-07 20:00:02,7213,-0.85094756,-9.624531,-0.64875406
2021-09-07 20:00:02,7222,-0.8389834,-9.643674,-0.718445
2021-09-07 20:00:02,7232,-0.9346963,-9.626924,-0.7423732
2021-09-07 20:00:02,7242,-0.92273223,-9.646067,-0.7328019
2021-09-07 20:00:02,7251,-0.9586246,-9.669994,-0.7375876
2021-09-07 20:00:02,7263,-1.0232308,-9.626924,-0.7399804
2021-09-07 20:00:02,7272,-1.0522437,-9.626924,-0.68494546
2021-09-07 20:00:02,7281,-1.0977074,-9.590733,-0.69930243
2021-09-07 20:00:02,7292,-1.2149557,-9.6173525,-0.6945168
2021-09-07 20:00:02,7301,-1.2675978,-9.583553,-0.7423732
2021-09-07 20:00:03,7312,-1.3396816,-9.542876,-0.70648086
2021-09-07 20:00:03,7323,-1.2628121,-9.583553,-0.7256235
2021-09-07 20:00:03,7331,-1.3923237,-9.58834,-0.72083783
2021-09-07 20:00:03,7341,-1.4018949,-9.585947,-0.69930243
2021-09-07 20:00:03,7352,-1.4641083,-9.665209,-0.7399804
2021-09-07 20:00:03,7362,-1.4784653,-9.648459,-0.7280163
2021-09-07 20:00:03,7372,-1.4880366,-9.64128,-0.77826554
2021-09-07 20:00:03,7382,-1.442573,-9.566804,-0.7375876
2021-09-07 20:00:03,7391,-1.4042878,-9.578768,-0.7399804
2021-09-07 20:00:03,7401,-1.3779668,-9.581161,-0.7902297
2021-09-07 20:00:03,7413,-1.2819548,-9.533304,-0.72323066
2021-09-07 20:00:03,7421,-1.2269198,-9.576375,-0.68494546
2021-09-07 20:00:03,7432,-1.2029916,-9.636495,-0.8141579
2021-09-07 20:00:03,7442,-1.1862419,-9.624531,-0.7902297
2021-09-07 20:00:03,7452,-0.94426763,-9.394521,-0.8380861
2021-09-07 20:00:03,7464,-0.9562318,-9.566804,-0.89072824
2021-09-07 20:00:03,7472,-0.9586246,-9.585947,-0.90508515
2021-09-07 20:00:03,7481,-1.0642079,-9.717851,-0.83090764
2021-09-07 20:00:03,7492,-1.0546366,-9.619745,-0.71365935
2021-09-07 20:00:03,7502,-1.0977074,-9.559626,-0.68494546
2021-09-07 20:00:03,7511,-1.1623136,-9.753743,-0.75912297
2021-09-07 20:00:03,7522,-1.1766706,-9.679565,-0.75194454
2021-09-07 20:00:03,7532,-1.1814562,-9.58834,-0.62721866
2021-09-07 20:00:03,7541,-1.183849,-9.535697,-0.5721837
2021-09-07 20:00:03,7551,-1.2963116,-9.681958,-0.4860421
2021-09-07 20:00:03,7562,-1.4114662,-9.701101,-0.33738798
2021-09-07 20:00:03,7571,-1.34686,-9.533304,-0.3062813
2021-09-07 20:00:03,7582,-1.2675978,-9.55484,-0.41156548
2021-09-07 20:00:03,7595,-1.1623136,-9.619745,-0.55782676
2021-09-07 20:00:03,7602,-1.224527,-9.638887,-0.72083783
2021-09-07 20:00:03,7611,-1.21017,-9.667602,-0.6945168
2021-09-07 20:00:03,7621,-1.2891332,-9.605089,-0.7280163
2021-09-07 20:00:03,7632,-1.2125629,-9.593125,-0.7639086
2021-09-07 20:00:03,7642,-1.183849,-9.58834,-0.8237292
2021-09-07 20:00:03,7651,-1.1718849,-9.6173525,-0.9314062
2021-09-07 20:00:03,7663,-1.1575279,-9.576375,-0.9556335
2021-09-07 20:00:03,7671,-1.0929217,-9.55484,-0.8859426
2021-09-07 20:00:03,7681,-1.0594223,-9.528519,-0.907478
2021-09-07 20:00:03,7692,-1.1335998,-9.535697,-0.9026923
2021-09-07 20:00:03,7702,-1.21017,-9.528519,-0.86201435
2021-09-07 20:00:03,7711,-1.1479566,-9.569197,-0.77587277
2021-09-07 20:00:03,7721,-1.1814562,-9.593125,-0.7304091
2021-09-07 20:00:03,7732,-1.2197413,-9.581161,-0.69212395
2021-09-07 20:00:03,7741,-1.2269198,-9.58834,-0.6873383
2021-09-07 20:00:03,7752,-1.2484552,-9.662816,-0.62482584
2021-09-07 20:00:03,7762,-1.2987045,-9.528519,-0.58654064
2021-09-07 20:00:03,7771,-1.2221341,-9.41127,-0.60329044
2021-09-07 20:00:03,7782,-1.076172,-9.571589,-0.6511469
2021-09-07 20:00:03,7791,-1.090529,-9.765707,-0.63918275
2021-09-07 20:00:03,7801,-1.1048858,-9.923933,-0.70648086
2021-09-07 20:00:03,7813,-1.4377873,-9.08794,-1.0800604
2021-09-07 20:00:03,7822,-1.4306089,-8.7164545,-1.0561321
2021-09-07 20:00:03,7832,-1.076172,-8.879466,-1.3866407
2021-09-07 20:00:03,7842,-0.59940207,-9.126225,-1.1614163
2021-09-07 20:00:03,7851,-0.42681974,-9.744172,-1.4129617
2021-09-07 20:00:03,7862,-0.3574279,-9.90479,-1.3268201
2021-09-07 20:00:03,7871,-0.6759724,-9.895219,-1.1183455
2021-09-07 20:00:03,7882,-1.1335998,-9.93829,-1.2044871
2021-09-07 20:00:03,7891,-1.3803595,-10.002896,-1.3363914
2021-09-07 20:00:03,7901,-1.4617156,-10.029217,-1.2981063
2021-09-07 20:00:03,7912,-1.2364911,-10.144372,-1.2933207
2021-09-07 20:00:03,7921,-0.85812604,-10.038788,-1.1111671
2021-09-07 20:00:03,7931,-0.7573284,-9.993324,-0.5697909
2021-09-07 20:00:03,7944,-1.1216356,-9.911968,0.0840479
2021-09-07 20:00:03,7952,-1.1551352,-9.734601,0.3909274
2021-09-07 20:00:03,7961,-1.1216356,-9.648459,0.14895321
2021-09-07 20:00:03,7972,-1.4784653,-11.871391,3.6343985
2021-09-07 20:00:03,7981,-2.7314072,-12.5805645,2.556432
2021-09-07 20:00:03,7991,-1.7347964,-9.629316,0.6903293
2021-09-07 20:00:03,8002,-1.864308,-8.292626,-1.791626
2021-09-07 20:00:03,8011,-1.971985,-7.9833536,-2.821736
2021-09-07 20:00:03,8022,-1.971985,-7.9833536,-2.821736
2021-09-07 20:00:03,8031,-3.4354951,-8.33809,-5.044668
2021-09-07 20:00:03,8041,-2.0437696,-8.620742,-2.7185457
2021-09-07 20:00:03,8052,-1.6845472,-9.241081,-0.65353966
2021-09-07 20:00:03,8061,-1.8858434,-9.696316,0.18005991
2021-09-07 20:00:03,8072,-2.0892332,-9.92154,0.7477571
2021-09-07 20:00:03,8081,-1.6701902,-9.883255,0.21834506
2021-09-07 20:00:03,8092,-0.78634137,-9.715458,-0.64875406
2021-09-07 20:00:03,8101,-0.52522457,-9.732208,-1.1733804
2021-09-07 20:00:03,8112,-0.2976073,-9.90479,-1.4584254
2021-09-07 20:00:03,8121,-0.15613168,-9.888041,-1.058525
2021-09-07 20:00:03,8132,-0.16331014,-9.90479,-0.38763726
2021-09-07 20:00:03,8141,-0.43878385,-9.986146,0.1896312
2021-09-07 20:00:03,8151,-0.5419743,-9.885648,0.14177474
2021-09-07 20:00:03,8162,-0.5515456,-9.842278,0.15613168
2021-09-07 20:00:03,8171,-1.0881361,-9.741779,-0.10737792
2021-09-07 20:00:03,8182,-1.2173486,-9.777672,-0.28953153
2021-09-07 20:00:03,8191,-1.4569299,-9.562018,-0.4884349
2021-09-07 20:00:03,8201,-1.6127625,-9.435199,-0.3804588
2021-09-07 20:00:03,8212,-1.6654046,-9.416057,-0.39720857
2021-09-07 20:00:03,8221,-1.9839491,-9.451948,-0.22971097
2021-09-07 20:00:03,8231,-2.1326032,-9.571589,-0.20578274
2021-09-07 20:00:03,8242,-2.4248266,-9.622138,-0.11934203
2021-09-07 20:00:03,8251,-2.5995028,-9.492626,-0.04516453
2021-09-07 20:00:03,8261,-2.7218359,-9.250652,-0.052342996
2021-09-07 20:00:03,8272,-3.0738797,-9.221938,0.045762733
2021-09-07 20:00:03,8281,-3.100201,-8.9775715,-0.07866404
2021-09-07 20:00:03,8291,-2.9853454,-8.98475,-0.12891331
2021-09-07 20:00:03,8301,-2.309672,-8.75474,-0.10977074
2021-09-07 20:00:04,8312,-2.079662,-9.049356,-0.4645067
2021-09-07 20:00:04,8321,-1.9408783,-9.396914,-0.5195416
2021-09-07 20:00:04,8331,-1.3516457,-9.298509,-0.66071814
2021-09-07 20:00:04,8341,-0.93708915,-9.363414,-0.79501534
2021-09-07 20:00:04,8352,-0.6472585,-9.58834,-0.8141579
2021-09-07 20:00:04,8361,-0.73340017,-9.815957,-0.89312106
2021-09-07 20:00:04,8372,-0.695115,-9.78485,-0.85244304
2021-09-07 20:00:04,8381,-0.695115,-9.78485,-0.85244304
2021-09-07 20:00:04,8392,-0.695115,-9.78485,-0.85244304
2021-09-07 20:00:04,8401,-0.965803,-9.686745,-0.95802635
2021-09-07 20:00:04,8411,-1.7419748,-10.400404,-0.541077
2021-09-07 20:00:04,8422,-1.8257236,-10.144372,-0.56500524
2021-09-07 20:00:04,8431,-1.6414764,-9.365807,-0.7615158
2021-09-07 20:00:04,8441,-1.3133606,-8.761918,-0.55304116
2021-09-07 20:00:04,8451,-1.34686,-8.726026,-0.36131623
2021-09-07 20:00:04,8461,-1.4617156,-8.637491,-0.8452646
2021-09-07 20:00:04,8472,-1.2484552,-8.946465,-1.3052847
2021-09-07 20:00:04,8481,-1.198206,-9.238688,-1.57358
2021-09-07 20:00:04,8493,-1.0351949,-9.715458,-2.0141585
2021-09-07 20:00:04,8501,-0.9562318,-10.5682,-1.9902302
2021-09-07 20:00:04,8512,-0.17288144,-10.632807,-1.0800604
2021-09-07 20:00:04,8521,-0.3502494,-11.030613,-0.7902297
2021-09-07 20:00:04,8532,-0.61854464,-11.159825,-0.87158567
2021-09-07 20:00:04,8541,-0.17288144,-10.259227,-0.62721866
2021-09-07 20:00:04,8553,-2.0557337,-10.005289,-0.35413775
2021-09-07 20:00:04,8561,-5.807081,-10.707283,-1.1949158
2021-09-07 20:00:04,8571,-3.394817,-8.570493,-1.0058829
2021-09-07 20:00:04,8581,-1.7156538,-7.585846,-0.86919284
2021-09-07 20:00:04,8592,-1.579263,-7.437192,-1.2717853
2021-09-07 20:00:04,8601,-2.216352,-8.385946,-1.7386848
2021-09-07 20:00:04,8612,-2.2594228,-10.019646,-2.4311078
2021-09-07 20:00:04,8621,-1.6103697,-10.002896,-2.0407786
2021-09-07 20:00:04,8631,-1.250848,-9.7704935,-1.4703895
2021-09-07 20:00:04,8642,-1.4808581,-9.813564,-1.0250254
2021-09-07 20:00:04,8651,-1.5478572,-9.787243,-0.6750751
2021-09-07 20:00:04,8661,-1.6175481,-9.573982,-0.5913263
2021-09-07 20:00:04,8672,-1.6965113,-9.420842,-0.7375876
2021-09-07 20:00:04,8681,-1.6319051,-9.169296,-0.6798607
2021-09-07 20:00:04,8691,-1.8762721,-8.893823,-0.58654064
2021-09-07 20:00:04,8702,-2.216352,-8.896215,-0.45014977
2021-09-07 20:00:04,8711,-2.376671,-8.927322,-0.4549354
2021-09-07 20:00:04,8721,-2.012663,-9.174082,0.045762733
2021-09-07 20:00:04,8731,-2.8438697,-9.748958,-0.03798606
2021-09-07 20:00:04,8741,-2.9997022,-9.971789,-0.13609178
2021-09-07 20:00:04,8752,-2.5085754,-9.976575,0.08165507
2021-09-07 20:00:04,8761,-2.6258237,-10.187443,0.038584266
2021-09-07 20:00:04,8771,-2.542075,-10.323833,-0.08344969
2021-09-07 20:00:04,8782,-2.5301108,-10.33819,-0.7423732
2021-09-07 20:00:04,8791,-2.4296124,-10.045967,-1.3890336
2021-09-07 20:00:04,8801,-2.0820549,-9.868599,-2.5268207
2021-09-07 20:00:04,8811,-2.065305,-10.101002,-2.591726
2021-09-07 20:00:04,8822,-1.957628,-9.593125,-2.3521447
2021-09-07 20:00:04,8831,-1.7036897,-9.610174,-2.3306093
2021-09-07 20:00:04,8842,-1.820938,-9.95504,-2.606083
2021-09-07 20:00:04,8851,-1.8041883,-10.220942,-2.6108687
2021-09-07 20:00:04,8861,-1.605584,-10.446166,-2.091028
2021-09-07 20:00:04,8872,-1.4162519,-10.357333,-1.4656038
2021-09-07 20:00:04,8881,-0.9179466,-8.829216,-1.57358
2021-09-07 20:00:04,8892,-0.94426763,-9.602696,-1.1685947
2021-09-07 20:00:04,8902,-1.6366907,-10.33819,-0.45732823
2021-09-07 20:00:04,8911,-2.053341,-11.157433,-0.43818563
2021-09-07 20:00:04,8921,-2.137389,-11.3778715,-0.90508515
2021-09-07 20:00:04,8932,-1.8065811,-11.339586,-1.0920244
2021-09-07 20:00:04,8941,-1.605584,-11.456835,-1.0872388
2021-09-07 20:00:04,8951,-1.2867404,-11.279766,-1.20688
2021-09-07 20:00:04,8961,-1.0040882,-10.769497,-0.9194421
2021-09-07 20:00:04,8972,-0.8916255,-10.460524,-1.2287145
2021-09-07 20:00:04,8981,-0.94426763,-10.18505,-1.5783657
2021-09-07 20:00:04,8991,-1.1144571,-10.273584,-1.9591235
2021-09-07 20:00:04,9002,-1.1599208,-10.580164,-2.5606194
2021-09-07 20:00:04,9011,-1.5358931,-10.884352,-2.754438
2021-09-07 20:00:04,9021,-2.1541386,-10.8556385,-2.4119651
2021-09-07 20:00:04,9032,-2.242673,-11.064113,-1.7581264
2021-09-07 20:00:04,9041,-2.420041,-11.394622,-1.8658035
2021-09-07 20:00:04,9052,-2.3168504,-11.464013,-1.8586249
2021-09-07 20:00:04,9061,-2.077269,-11.176576,-1.7653049
2021-09-07 20:00:04,9072,-1.6079768,-10.776675,-1.9543378
2021-09-07 20:00:04,9081,-0.8916255,-10.489237,-2.498107
2021-09-07 20:00:04,9091,-0.8389834,-10.709676,-2.277668
2021-09-07 20:00:04,9102,-0.8461619,-12.132508,-0.55782676
2021-09-07 20:00:04,9111,0.033200413,-11.282159,2.501098
2021-09-07 20:00:04,9121,1.4177474,-10.563415,2.3838496
2021-09-07 20:00:04,9131,2.0428724,-10.929815,0.3499503
2021-09-07 20:00:04,9141,2.2848465,-11.059327,-1.7724833
2021-09-07 20:00:04,9152,2.440679,-11.373086,-4.0360937
2021-09-07 20:00:04,9161,1.843969,-11.545669,-3.6047873
2021-09-07 20:00:04,9171,1.3624134,-12.216257,-2.728117
2021-09-07 20:00:04,9181,0.68464637,-12.020045,-1.3579268
2021-09-07 20:00:04,9191,0.2844468,-11.871391,-1.2717853
2021-09-07 20:00:04,9202,0.07148558,-11.986247,-0.94337034
2021-09-07 20:00:04,9211,0.17676978,-11.852249,-0.16271193
2021-09-07 20:00:04,9221,0.63918275,-11.011471,-0.98674023
2021-09-07 20:00:04,9231,-0.084346995,-11.289337,-3.295814
2021-09-07 20:00:04,9241,0.2940181,-11.907284,-9.440284
2021-09-07 20:00:04,9252,-0.05802595,-12.918251,-2.888735
2021-09-07 20:00:04,9261,1.5900307,-11.866606,-2.1628125
2021-09-07 20:00:04,9271,3.6382868,-10.204192,-2.819044
2021-09-07 20:00:04,9281,6.625427,-9.847063,-2.7735806
2021-09-07 20:00:04,9291,9.01137,-9.492626,-2.71376
2021-09-07 20:00:05,9302,9.722936,-9.039784,-3.693621
2021-09-07 20:00:05,9311,9.787542,-8.429017,-4.735695
2021-09-07 20:00:05,9321,10.302597,-7.624131,-6.652047
2021-09-07 20:00:05,9331,9.140882,-7.8278203,-7.722835
2021-09-07 20:00:05,9342,6.105586,-8.292626,-9.725328
2021-09-07 20:00:05,9351,4.8673005,-7.8684983,-10.611869
2021-09-07 20:00:05,9361,3.3987055,-7.717451,-11.366207
2021-09-07 20:00:05,9371,2.656033,-7.4419775,-11.56511
2021-09-07 20:00:05,9381,1.7291135,-6.8407807,-11.339886
2021-09-07 20:00:05,9392,2.335096,-4.5170507,-11.016556
2021-09-07 20:00:05,9401,2.589034,-3.10379,-13.342678
2021-09-07 20:00:05,9411,1.8798612,-4.744668,-13.019348
2021-09-07 20:00:05,9421,1.07019,-5.0802617,-10.861022
2021-09-07 20:00:05,9433,2.5698915,-2.4427729,-8.839087
2021-09-07 20:00:05,9441,2.3829522,-1.314557,-7.912167
2021-09-07 20:00:05,9451,1.2427722,-0.90478605,-7.112067
2021-09-07 20:00:05,9461,0.45224348,-0.61016977,-6.613762
2021-09-07 20:00:05,9472,-0.94666046,-0.65084773,-5.8615184
2021-09-07 20:00:05,9482,-1.5119648,-0.6053841,-4.7979083
2021-09-07 20:00:05,9491,-1.6606189,-0.5021936,-4.165605
2021-09-07 20:00:05,9501,-1.7204394,-0.6125626,-3.0299118
2021-09-07 20:00:05,9511,-1.9049859,-0.61734825,-1.8083757
2021-09-07 20:00:05,9522,-1.7706888,-0.87607217,-1.4946169
2021-09-07 20:00:05,9531,-1.1623136,-0.79950184,-1.8753748
2021-09-07 20:00:05,9541,-0.8365906,-1.0076774,-2.4454648
2021-09-07 20:00:05,9552,-0.6879365,-1.6689938,-3.4995031
2021-09-07 20:00:05,9562,-0.50817573,-1.841277,-4.9031925
2021-09-07 20:00:05,9571,-0.5922236,-2.0162523,-6.949056
2021-09-07 20:00:05,9582,-1.0136595,-2.3419752,-8.661719
2021-09-07 20:00:05,9592,-1.6654046,-2.9195428,-10.872986
2021-09-07 20:00:05,9601,-2.0006988,-2.385345,-12.001202
2021-09-07 20:00:05,9611,-2.1948166,-1.1419746,-12.178271
2021-09-07 20:00:05,9622,-4.5352964,-0.037686955,-11.19153
2021-09-07 20:00:05,9631,-4.8011985,-0.13579269,-10.827224
2021-09-07 20:00:05,9644,1.1638091,-0.5455636,-21.980768
2021-09-07 20:00:05,9651,-2.6572297,1.3396816,-10.966306
2021-09-07 20:00:05,9661,2.9219356,1.0785648,-16.773088
2021-09-07 20:00:05,9672,4.587041,0.8775677,-12.667005
2021-09-07 20:00:05,9682,4.0381875,-0.20757736,-11.697015
2021-09-07 20:00:05,9692,3.7555351,-1.082154,-11.431112
2021-09-07 20:00:05,9701,2.440679,-1.6067804,-9.727721
2021-09-07 20:00:05,9712,1.7362919,-1.8655044,-7.967202
2021-09-07 20:00:05,9722,1.3360924,-0.96460664,-7.3923264
2021-09-07 20:00:05,9731,-1.672583,0.3481557,-1.7315062
2021-09-07 20:00:05,9741,-1.0016954,1.9818554,-3.5856447
2021-09-07 20:00:05,9752,-1.5622141,2.3961127,-2.8576283
2021-09-07 20:00:05,9761,-0.52283174,2.9808588,-4.5894337
2021-09-07 20:00:05,9772,0.0041874396,3.969992,-6.922735
2021-09-07 20:00:05,9782,-0.053240303,4.211966,-7.4330044
2021-09-07 20:00:05,9792,0.011365907,3.941278,-7.6893353
2021-09-07 20:00:05,9801,-0.091525465,3.8886359,-7.7204423
2021-09-07 20:00:05,9812,-0.04366901,3.6681972,-7.967202
2021-09-07 20:00:05,9822,0.07627122,3.2659037,-8.185248
2021-09-07 20:00:05,9831,-0.04366901,3.1579278,-7.986345
2021-09-07 20:00:05,9842,-0.34785658,2.908775,-7.7108707
2021-09-07 20:00:05,9851,-3.3493536,2.8537402,-7.4306116
2021-09-07 20:00:05,9862,-6.50429,2.5806592,-6.3598237
2021-09-07 20:00:05,9872,-8.837591,6.0948186,-7.2006016
2021-09-07 20:00:05,9882,-9.203992,6.061319,-6.6329045
2021-09-07 20:00:05,9892,-9.709476,6.2865434,-5.00399
2021-09-07 20:00:05,9901,-8.791828,6.1331034,-4.534399
2021-09-07 20:00:05,9912,-7.498508,5.733203,-2.9724839
2021-09-07 20:00:05,9921,-6.7558355,3.696911,-0.22971097
2021-09-07 20:00:05,9932,-4.875376,2.4825535,0.33559337
2021-09-07 20:00:05,9942,-3.7710886,2.3721845,-0.6583253
2021-09-07 20:00:05,9952,0.7013961,1.794916,-5.7200427
2021-09-07 20:00:05,9961,1.7195421,1.6944175,-7.3827553
2021-09-07 20:00:05,9971,4.706682,3.6849468,-17.223238
2021-09-07 20:00:05,9981,3.4489548,3.4190445,-16.418352
2021-09-07 20:00:05,9991,3.365206,3.9221354,-12.61197
2021-09-07 20:00:05,10001,2.8453653,3.9604206,-12.983156
2021-09-07 20:00:05,10011,1.9926231,3.478865,-13.462319
2021-09-07 20:00:05,10022,0.81864446,2.0991037,-12.904194
2021-09-07 20:00:05,10031,0.054735817,0.86081797,-10.70519
2021-09-07 20:00:05,10042,-1.1240284,0.44865423,-9.478569
2021-09-07 20:00:05,10052,-0.45074797,1.4644074,-14.609977
2021-09-07 20:00:05,10061,1.0031909,2.5950162,-16.430317
2021-09-07 20:00:05,10073,3.7674992,3.2730823,-14.68894
2021-09-07 20:00:05,10081,4.1007,4.6959143,-10.590334
2021-09-07 20:00:05,10092,3.2527432,5.85763,-9.143274
2021-09-07 20:00:05,10102,2.6392834,5.378766,-8.077271
2021-09-07 20:00:05,10111,1.9208384,5.690132,-7.979166
2021-09-07 20:00:05,10122,1.6091732,5.409873,-7.3585277
2021-09-07 20:00:05,10131,2.114657,5.8169518,-7.773084
2021-09-07 20:00:05,10142,1.4847465,6.020641,-7.126424
2021-09-07 20:00:05,10151,2.426023,7.838887,-9.358928
2021-09-07 20:00:05,10162,3.1040893,6.906883,-6.9729843
2021-09-07 20:00:05,10172,3.908975,5.6997037,-5.7583275
2021-09-07 20:00:05,10181,5.6937213,5.6036916,-6.2901325
2021-09-07 20:00:05,10191,6.666105,5.4242296,-8.479864
2021-09-07 20:00:05,10201,7.7177505,5.258826,-9.806984
2021-09-07 20:00:05,10212,6.361917,4.552046,-9.763614
2021-09-07 20:00:05,10221,5.669793,4.7341995,-9.128918
2021-09-07 20:00:05,10232,5.916553,4.8418765,-7.238887
2021-09-07 20:00:05,10241,6.460322,5.8480587,-5.0685964
2021-09-07 20:00:05,10251,7.6746798,5.340182,-4.9582276
2021-09-07 20:00:05,10262,8.33121,5.098208,-4.1174498
2021-09-07 20:00:05,10271,9.020942,4.7892346,-3.7223346
2021-09-07 20:00:05,10282,8.999406,4.5687957,-1.9040886
2021-09-07 20:00:05,10292,8.486744,5.2372904,-1.3316058
2021-09-07 20:00:06,10302,8.314161,5.36411,-1.0968101
2021-09-07 20:00:06,10311,8.343174,5.541478,-0.7256235
2021-09-07 20:00:06,10322,8.55135,5.5390854,1.0112667
2021-09-07 20:00:06,10331,7.9597244,4.968995,2.1227329
2021-09-07 20:00:06,10342,7.190731,4.2981076,3.8425741
2021-09-07 20:00:06,10351,7.1715884,4.159324,4.9471607
2021-09-07 20:00:06,10362,6.9969125,4.408477,5.553143
2021-09-07 20:00:06,10371,7.025626,4.909175,5.6991053
2021-09-07 20:00:06,10382,6.829116,5.1846485,4.592425
2021-09-07 20:00:06,10391,2.34706,5.189434,3.8787656
2021-09-07 20:00:06,10402,2.155335,5.124828,5.3279185
2021-09-07 20:00:06,10411,2.7065816,5.4074802,5.742176
2021-09-07 20:00:06,10421,2.2944179,5.098208,6.5832534
2021-09-07 20:00:06,10431,1.9710877,5.067101,7.3953176
2021-09-07 20:00:06,10442,1.8726828,5.000102,7.811968
2021-09-07 20:00:06,10451,1.7410775,5.0192447,7.9773717
2021-09-07 20:00:06,10461,1.2308081,5.002495,8.423035
2021-09-07 20:00:06,10472,1.041476,5.191827,8.612068
2021-09-07 20:00:06,10481,0.40438703,5.098208,9.043374
2021-09-07 20:00:06,10491,0.04995017,5.0455656,9.433703
2021-09-07 20:00:06,10502,1.3313067,5.4003015,7.711469
2021-09-07 20:00:06,10511,1.2762718,5.337789,6.046663
2021-09-07 20:00:06,10522,0.33499518,5.4170513,6.0777693
2021-09-07 20:00:06,10531,0.14327025,5.5558352,6.017949
2021-09-07 20:00:06,10541,-0.30717862,5.30429,6.0155563
2021-09-07 20:00:06,10552,-0.49142596,5.299504,6.302994
2021-09-07 20:00:06,10561,-0.9849456,5.4003015,6.6909304
2021-09-07 20:00:06,10571,-1.5023935,5.6324053,7.071688
2021-09-07 20:00:06,10584,-1.4712868,5.7020965,7.5867434
2021-09-07 20:00:06,10591,-1.4114662,5.625227,7.7832537
2021-09-07 20:00:06,10602,-0.81266236,5.366503,8.52114
2021-09-07 20:00:06,10611,-0.49381876,5.1990056,9.100801
2021-09-07 20:00:06,10621,-0.33349967,5.4170513,9.026625
2021-09-07 20:00:06,10632,-0.4244269,5.321039,8.743972
2021-09-07 20:00:06,10641,-0.18245272,5.2372904,8.405986
2021-09-07 20:00:06,10651,-0.68075806,4.861318,7.919944
2021-09-07 20:00:06,10661,-0.6831509,4.6815577,7.500602
2021-09-07 20:00:06,10672,-0.9490533,4.6528435,7.304091
2021-09-07 20:00:06,10681,-0.99930257,4.4802613,7.160522
2021-09-07 20:00:06,10692,-0.6687939,4.743771,7.3881392
2021-09-07 20:00:06,10702,-0.72382885,4.9259243,8.0252285
2021-09-07 20:00:06,10711,-0.44117668,5.1870413,7.9917283
2021-09-07 20:00:06,10722,-1.2317054,5.3306108,8.580961
2021-09-07 20:00:06,10732,-1.5888343,5.2516475,8.336594
2021-09-07 20:00:06,10742,-1.0785648,5.191827,8.183454
2021-09-07 20:00:06,10753,-0.6089734,4.8828535,8.372486
2021-09-07 20:00:06,10761,-0.4124628,4.6121655,8.609675
2021-09-07 20:00:06,10771,-0.43639103,4.4802613,9.081659
2021-09-07 20:00:06,10781,-0.24735804,4.6504507,9.155837
2021-09-07 20:00:06,10792,-0.49381876,4.5834517,9.1103735
2021-09-07 20:00:06,10801,-0.60658056,4.664808,8.969196
2021-09-07 20:00:06,10812,-0.7429714,4.729414,8.851649
2021-09-07 20:00:06,10822,-0.8365906,4.866104,8.729615
2021-09-07 20:00:06,10831,-0.86291164,4.8493543,8.533105
2021-09-07 20:00:06,10843,-0.88683987,4.7653065,8.334201
2021-09-07 20:00:06,10852,-0.80787677,4.6672006,8.271988
2021-09-07 20:00:06,10862,-0.6879365,4.674379,8.207381
2021-09-07 20:00:06,10871,-0.75972116,4.5352964,8.310273
2021-09-07 20:00:06,10882,-0.76689965,4.552046,8.350951
2021-09-07 20:00:06,10891,-0.90119684,4.703093,8.681459
2021-09-07 20:00:06,10902,-0.82701933,4.729414,8.832506
2021-09-07 20:00:06,10911,-0.8365906,4.712664,8.772686
2021-09-07 20:00:06,10921,-0.94426763,4.786842,8.715259
2021-09-07 20:00:06,10931,-1.1527423,4.7916274,8.652746
2021-09-07 20:00:06,10942,-1.2963116,4.822734,8.655139
2021-09-07 20:00:06,10951,-1.361217,4.8418765,8.858828
2021-09-07 20:00:06,10962,-1.2723835,4.8972106,9.017053
2021-09-07 20:00:06,10972,-0.98973125,4.8565326,8.933005
2021-09-07 20:00:06,10981,-0.7791629,4.7605205,8.717651
2021-09-07 20:00:06,10991,-0.9179466,4.7605205,8.463713
2021-09-07 20:00:06,11002,-1.1192428,4.81077,8.281559
2021-09-07 20:00:06,11011,-1.3396816,4.7892346,8.212168
2021-09-07 20:00:06,11022,-1.2628121,4.8179483,8.183454
2021-09-07 20:00:06,11031,-1.1862419,4.782056,8.3174515
2021-09-07 20:00:06,11041,-1.2053844,4.7916274,8.55464
2021-09-07 20:00:06,11052,-1.1790633,4.7988057,8.9979105
2021-09-07 20:00:06,11061,-1.0399805,4.7772703,9.282955
2021-09-07 20:00:06,11072,-0.762114,4.779663,9.474381
2021-09-07 20:00:06,11081,-0.6903293,4.7629137,9.378669
2021-09-07 20:00:06,11092,-0.9179466,4.820341,9.18455
2021-09-07 20:00:06,11102,-1.1479566,4.8299127,9.201301
2021-09-07 20:00:06,11111,-1.0304092,4.8394837,9.15823
2021-09-07 20:00:06,11122,0.25094727,5.1822557,9.074481
2021-09-07 20:00:06,11131,-0.56829536,4.664808,8.825328
2021-09-07 20:00:06,11141,-2.1996021,4.4898324,7.637292
2021-09-07 20:00:06,11151,-1.9528424,5.02403,6.425028
2021-09-07 20:00:06,11162,-1.7515461,5.4170513,7.342376
2021-09-07 20:00:06,11171,-1.2149557,5.30429,8.468498
2021-09-07 20:00:06,11182,-0.9418748,4.894818,9.419347
2021-09-07 20:00:06,11191,-0.65682983,4.7174497,9.766904
2021-09-07 20:00:06,11201,-0.42203408,4.532903,9.94158
2021-09-07 20:00:06,11212,-0.14656039,4.5017967,9.896116
2021-09-07 20:00:06,11221,-0.17288144,4.430012,9.558429
2021-09-07 20:00:06,11232,-0.6017949,4.293322,9.050552
2021-09-07 20:00:06,11242,-0.9299107,4.302893,8.372486
2021-09-07 20:00:06,11251,-1.1192428,4.2406797,8.262417
2021-09-07 20:00:06,11261,-1.1192428,4.2406797,8.262417
2021-09-07 20:00:06,11272,-1.1192428,4.2406797,8.262417
2021-09-07 20:00:06,11281,-1.1192428,4.2406797,8.262417
2021-09-07 20:00:06,11291,-1.1192428,4.2406797,8.262417
2021-09-07 20:00:06,11301,-1.1192428,4.2406797,8.262417
2021-09-07 20:00:07,11312,-1.1192428,4.2406797,8.262417
2021-09-07 20:00:07,11321,-1.1192428,4.2406797,8.262417
